Workbook

Sheet Doctor Information ,Sheet 1
C1: Doctor Information
A4: Doctor ID | B4: Doctor_Name | C4: Department | D4: Consultation_Fee
A5: D001 | B5: Dr . Shaheer | C5: Cardiology | D5: 800
A6: D002 | B6: Dr. Ayesha Rahman | C6: Gynecology | D6: 700
A7: D003 | B7: Dr. Mohammad Ali | C7: Orthopedics | D7: 900
A8: D004 | B8: Dr. Fatima Noor | C8: Pediatrics | D8: 600
A9: D005 | B9: Dr. Salman Sheikh | C9: Neurology | D9: 1200
A10: D006 | B10: Dr. Zainab Hussain | C10: Dermatology | D10: 500
A11: D007 | B11: Dr. Omar Farooq | C11: General Medicine | D11: 400
A12: D008 | B12: Dr. Sana Iqbal | C12: ENT | D12: 550
A13: D009 | B13: Dr. Yusuf Ansari | C13: Urology | D13: 1000
A14: D010 | B14: Dr. Mariam Siddiqi | C14: Psychiatry | D14: 850
A15: D011 | B15: Dr. Ahmed Khan | C15: Cardiology | D15: 800
A16: D012 | B16: Dr. Ayesha Rahman | C16: Neurology | D16: 900
... A24: D020 | B24: Dr. Nida Khan | C24: Psychiatry | D24: 75

Sheet Appointment Sheet 2 
A1: Appointment_ID | B1: Patient_Name | C1: Doctor_ID | D1: Appointment_Date | E1: Appointment_Time | F1: Arrival_Time | G1: Delay_Mins | H1: Status
A2: APT001 | B2: Ali Hassan | C2: D001 | D2: 46061 | E2: 0.41666667 | F2: 0.41319444 | G2: =IF(F2="","",MAX(0,(F2-E2))) -> 0 | H2: =IF(B2="","",IF(G2="","Missed",IF(G2=0,"On Time","Late"))) -> On Time
A3: APT002 | B3: Sara Khan | C3: D002 | D3: 46060 | E3: 0.4375 | F3: 0.44791667 | G3: =IF(F3="","",MAX(0,(F3-E3))) -> 0.010416667 | H3: =IF(B3="","",IF(G3="","Missed",IF(G3=0,"On Time","Late"))) -> Late
A4: APT003 | B4: Umar Farooq | C4: D003 | D4: 46060 | E4: 0.45833333 | G4: =IF(F4="","",MAX(0,(F4-E4))) | H4: =IF(B4="","",IF(G4="","Missed",IF(G4=0,"On time","Late"))) -> Missed
A5: APT004 | B5: Amina Sheikh | C5: D004 | D5: 46062 | E5: 0.47916667 | F5: 0.47569444 | G5: =IF(F5="","",MAX(0,(F5-E5))) -> 0 | H5: =IF(B5="","",IF(G5="","Missed",IF(G5=0,"On Time","Late"))) -> On Time
A6: APT005 | B6: Hassan Raza | C6: D005 | D6: 46064 | E6: 0.5 | F6: 0.51388889 | G6: =IF(F6="","",MAX(0,(F6-E6))) -> 0.013888889 | H6: =IF(B6="","",IF(G6="","Missed",IF(G6=0,"On Time","Late"))) -> Late
A7: APT006 | B7: Noor Fatima | C7: D006 | D7: 46062 | E7: 0.52083333 | F7: 0.52083333 | G7: =IF(F7="","",MAX(0,(F7-E7))) -> 0 | H7: =IF(B7="","",IF(G7="","Missed",IF(G7=0,"On Time","Late"))) -> On Time
A8: APT007 | B8: Bilal Ahmed | C8: D007 | D8: 46068 | E8: 0.54166667 | G8: =IF(F8="","",MAX(0,(F8-E8))) | H8: =IF(B8="","",IF(G8="","Missed",IF(G8=0,"On Time","Late"))) -> Missed
A9: APT008 | B9: Zoya Malik | C9: D008 | D9: 46069 | E9: 0.5625 | F9: 0.56944444 | G9: =IF(F9="","",MAX(0,(F9-E9))) -> 0.0069444444 | H9: =IF(B9="","",IF(G9="","Missed",IF(G9=0,"On Time","Late"))) -> Late
A10: APT009 | B10: Imran Siddiqi | C10: D009 | D10: 46073 | E10: 0.58333333 | F10: 0.57638889 | G10: =IF(F10="","",MAX(0,(F10-E10))) -> 0 | H10: =IF(B10="","",IF(G10="","Missed",IF(G10=0,"On Time","Late"))) -> On Time
A11: APT010 | B11: Maryam Iqbal | C11: D010 | D11: 46074 | E11: 0.60416667 | F11: 0.62152778 | G11: =IF(F11="","",MAX(0,(F11-E11))) -> 0.017361111 | H11: =IF(B11="","",IF(G11="","Missed",IF(G11=0,"On Time","Late"))) -> Late
A12: APT011 | B12: Faisal Mahmood | C12: D011 | D12: 46076 | E12: 0.375 | F12: 0.37152778 | G12: =IF(F12="","",MAX(0,(F12-E12))) -> 0 | H12: =IF(B12="","",IF(G12="","Missed",IF(G12=0,"On Time","Late"))) -> On Time
A13: APT012 | B13: Hina Ashraf | C13: D012 | D13: 46061 | E13: 0.39583333 | F13: 0.40972222 | G13: =IF(F13="","",MAX(0,(F13-E13))) -> 0.013888889 | H13: =IF(B13="","",IF(G13="","Missed",IF(G13=0,"On Time","Late"))) -> Late
A14: APT013 | B14: Kamran Yousuf | C14: D013 | D14: 46061 | E14: 0.41666667 | G14: =IF(F14="","",MAX(0,(F14-E14))) | H14: =IF(B14="","",IF(G14="","Missed",IF(G14=0,"On Time","Late"))) -> Missed
A15: APT014 | B15: Rabia Noor | C15: D014 | D15: 46061 | E15: 0.4375 | F15: 0.43402778 | G15: =IF(F15="","",MAX(0,(F15-E15))) -> 0 | H15: =IF(B15="","",IF(G15="","Missed",IF(G15=0,"On Time","Late"))) -> On Time
A16: APT015 | B16: Adnan Qureshi | C16: D015 | D16: 46061 | E16: 0.45833333 | F16: 0.46527778 | G16: =IF(F16="","",MAX(0,(F16-E16))) -> 0.0069444444 | H16: =IF(B16="","",IF(G16="","Missed",IF(G16=0,"On Time","Late"))) -> Late
A17: APT016 | B17: Saba Rizvi | C17: D016 | D17: 46064 | E17: 0.47916667 | F17: 0.47916667 | G17: =IF(F17="","",MAX(0,(F17-E17))) -> 0 | H17: =IF(B17="","",IF(G17="","Missed",IF(G17=0,"On Time","Late"))) -> On Time
A18: APT017 | B18: Danish Ali | C18: D017 | D18: 46065 | E18: 0.5 | G18: =IF(F18="","",MAX(0,(F18-E18))) | H18: =IF(B18="","",IF(G18="","Missed",IF(G18=0,"On Time","Late"))) -> Missed
A19: APT018 | B19: Mehwish Akhtar | C19: D018 | D19: 46060 | E19: 0.52083333 | F19: 0.53125 | G19: =IF(F19="","",MAX(0,(F19-E19))) -> 0.010416667 | H19: =IF(B19="","",IF(G19="","Missed",IF(G19=0,"On Time","Late"))) -> Late
A20: APT019 | B20: Shahid Hussain | C20: D019 | D20: 46061 | E20: 0.54166667 | F20: 0.53819444 | G20: =IF(F20="","",MAX(0,(F20-E20))) -> 0 | H20: =IF(B20="","",IF(G20="","Missed",IF(G20=0,"On Time","Late"))) -> On Time
A21: APT020 | B21: Anum Siddiqui | C21: D020 | D21: 46061 | E21: 0.5625 | F21: 0.57638889 | G21: =IF(F21="","",MAX(0,(F21-E21))) -> 0.013888889 | H21: =IF(B21="","",IF(G21="","Missed",IF(G21=0,"On Time","Late"))) -> Late

Sheet Billing Sheet 3
A1: Appointment ID | B1: Appointment Date | C1: Patient Name | D1: Doctor ID | E1: Doctor Fee | F1: Total Bill
A2: APT001 | B2: =VLOOKUP(A2,'Appointment Sheet 2 '!A1:H21,4,FALSE) -> 46061 | C2: =VLOOKUP(A2,'Appointment Sheet 2 '!A1:H21,2,FALSE) -> Ali Hassan | D2: =VLOOKUP(A2,'Appointment Sheet 2 '!A1:H21,3,FALSE) -> D001 | E2: =VLOOKUP(D2,'Doctor Information ,Sheet 1'!A4:D23,4,FALSE) -> 800 | F2: =E2 -> 800
A3: APT002 | B3: =VLOOKUP(A3,'Appointment Sheet 2 '!A2:H22,4,FALSE) -> 46060 | C3: =VLOOKUP(A3,'Appointment Sheet 2 '!A2:H22,2,FALSE) -> Sara Khan | D3: =VLOOKUP(A3,'Appointment Sheet 2 '!A2:H22,3,FALSE) -> D002 | E3: =VLOOKUP(D3,'Doctor Information ,Sheet 1'!A5:D24,4,FALSE) -> 700 | F3: =E3 -> 700
A4: APT003 | B4: =VLOOKUP(A4,'Appointment Sheet 2 '!A3:H23,4,FALSE) -> 46060 | C4: =VLOOKUP(A4,'Appointment Sheet 2 '!A3:H23,2,FALSE) -> Umar Farooq | D4: =VLOOKUP(A4,'Appointment Sheet 2 '!A3:H23,3,FALSE) -> D003 | E4: =VLOOKUP(D4,'Doctor Information ,Sheet 1'!A6:D25,4,FALSE) -> 900 | F4: 700
A5: APT004 | B5: =VLOOKUP(A5,'Appointment Sheet 2 '!A4:H24,4,FALSE) -> 46062 | C5: =VLOOKUP(A5,'Appointment Sheet 2 '!A4:H24,2,FALSE) -> Amina Sheikh | D5: =VLOOKUP(A5,'Appointment Sheet 2 '!A4:H24,3,FALSE) -> D004 | E5: =VLOOKUP(D5,'Doctor Information ,Sheet 1'!A7:D26,4,FALSE) -> 600 | F5: 800
A6: APT005 | B6: =VLOOKUP(A6,'Appointment Sheet 2 '!A5:H25,4,FALSE) -> 46064 | C6: =VLOOKUP(A6,'Appointment Sheet 2 '!A5:H25,2,FALSE) -> Hassan Raza | D6: =VLOOKUP(A6,'Appointment Sheet 2 '!A5:H25,3,FALSE) -> D005 | E6: =VLOOKUP(D6,'Doctor Information ,Sheet 1'!A8:D27,4,FALSE) -> 1200 | F6: 450
A7: APT006 | B7: =VLOOKUP(A7,'Appointment Sheet 2 '!A6:H26,4,FALSE) -> 46062 | C7: =VLOOKUP(A7,'Appointment Sheet 2 '!A6:H26,2,FALSE) -> Noor Fatima | D7: =VLOOKUP(A7,'Appointment Sheet 2 '!A6:H26,3,FALSE) -> D006 | E7: =VLOOKUP(D7,'Doctor Information ,Sheet 1'!A9:D28,4,FALSE) -> 500 | F7: 550
A8: APT007 | B8: =VLOOKUP(A8,'Appointment Sheet 2 '!A7:H27,4,FALSE) -> 46068 | C8: =VLOOKUP(A8,'Appointment Sheet 2 '!A7:H27,2,FALSE) -> Bilal Ahmed | D8: =VLOOKUP(A8,'Appointment Sheet 2 '!A7:H27,3,FALSE) -> D007 | E8: =VLOOKUP(D8,'Doctor Information ,Sheet 1'!A10:D29,4,FALSE) -> 400 | F8: 650
A9: APT008 | B9: =VLOOKUP(A9,'Appointment Sheet 2 '!A8:H28,4,FALSE) -> 46069 | C9: =VLOOKUP(A9,'Appointment Sheet 2 '!A8:H28,2,FALSE) -> Zoya Malik | D9: =VLOOKUP(A9,'Appointment Sheet 2 '!A8:H28,3,FALSE) -> D008 | E9: =VLOOKUP(D9,'Doctor Information ,Sheet 1'!A11:D30,4,FALSE) -> 550 | F9: 900
A10: APT009 | B10: =VLOOKUP(A10,'Appointment Sheet 2 '!A9:H29,4,FALSE) -> 46073 | C10: =VLOOKUP(A10,'Appointment Sheet 2 '!A9:H29,2,FALSE) -> Imran Siddiqi | D10: =VLOOKUP(A10,'Appointment Sheet 2 '!A9:H29,3,FALSE) -> D009 | E10: =VLOOKUP(D10,'Doctor Information ,Sheet 1'!A12:D31,4,FALSE) -> 1000 | F10: 400
A11: APT010 | B11: =VLOOKUP(A11,'Appointment Sheet 2 '!A10:H30,4,FALSE) -> 46074 | C11: =VLOOKUP(A11,'Appointment Sheet 2 '!A10:H30,2,FALSE) -> Maryam Iqbal | D11: =VLOOKUP(A11,'Appointment Sheet 2 '!A10:H30,3,FALSE) -> D010 | E11: =VLOOKUP(D11,'Doctor Information ,Sheet 1'!A13:D32,4,FALSE) -> 850 | F11: 750
A12: APT011 | B12: =VLOOKUP(A12,'Appointment Sheet 2 '!A11:H31,4,FALSE) -> 46076 | C12: =VLOOKUP(A12,'Appointment Sheet 2 '!A11:H31,2,FALSE) -> Faisal Mahmood | D12: =VLOOKUP(A12,'Appointment Sheet 2 '!A11:H31,3,FALSE) -> D011 | E12: =VLOOKUP(D12,'Doctor Information ,Sheet 1'!A14:D33,4,FALSE) -> 800 | F12: 800
A13: APT012 | B13: =VLOOKUP(A13,'Appointment Sheet 2 '!A12:H32,4,FALSE) -> 46061 | C13: =VLOOKUP(A13,'Appointment Sheet 2 '!A12:H32,2,FALSE) -> Hina Ashraf | D13: =VLOOKUP(A13,'Appointment Sheet 2 '!A12:H32,3,FALSE) -> D012 | E13: =VLOOKUP(D13,'Doctor Information ,Sheet 1'!A15:D34,4,FALSE) -> 900 | F13: 900
A14: APT013 | B14: =VLOOKUP(A14,'Appointment Sheet 2 '!A13:H33,4,FALSE) -> 46061 | C14: =VLOOKUP(A14,'Appointment Sheet 2 '!A13:H33,2,FALSE) -> Kamran Yousuf | D14: =VLOOKUP(A14,'Appointment Sheet 2 '!A13:H33,3,FALSE) -> D013 | E14: =VLOOKUP(D14,'Doctor Information ,Sheet 1'!A16:D35,4,FALSE) -> 700 | F14: 700
A15: APT014 | B15: =VLOOKUP(A15,'Appointment Sheet 2 '!A14:H34,4,FALSE) -> 46061 | C15: =VLOOKUP(A15,'Appointment Sheet 2 '!A14:H34,2,FALSE) -> Rabia Noor | D15: =VLOOKUP(A15,'Appointment Sheet 2 '!A14:H34,3,FALSE) -> D014 | E15: =VLOOKUP(D15,'Doctor Information ,Sheet 1'!A17:D36,4,FALSE) -> 600 | F15: 600
... A21: APT020 | B21: =VLOOKUP(A21,'Appointment Sheet 2 '!A20:H40,4,FALSE) -> 46061 | C21: =VLOOKUP(A21,'Appointment Sheet 2 '!A20:H40,2,FALSE) -> Anum Siddiqui | D21: =VLOOKUP(A21,'Appointment Sheet 2 '!A20:H40,3,FALSE) -> D020 | E21: =VLOOKUP(D21,'Doctor Information ,Sheet 1'!A23:D42,4,FALSE) -> 75 | F21: 750

Sheet Daily Revenue Sheet4
A1: Date | B1: Total Patients | C1: Total Revenue
A2: 46061 | B2: =COUNTIF('Billing Sheet 3'!A1:F21,A2) -> 7 | C2: =SUMIF('Billing Sheet 3'!B2:B21,A2,'Billing Sheet 3'!F1:F21) -> 4050
A3: 46060 | B3: =COUNTIF('Billing Sheet 3'!A2:F22,A3) -> 3 | C3: =SUMIF('Billing Sheet 3'!B3:B22,A3,'Billing Sheet 3'!F2:F22) -> 1950
A4: 46060 | B4: =COUNTIF('Billing Sheet 3'!A3:F23,A4) -> 3 | C4: =SUMIF('Billing Sheet 3'!B4:B23,A4,'Billing Sheet 3'!F3:F23) -> 1150
A5: 46062 | B5: =COUNTIF('Billing Sheet 3'!A4:F24,A5) -> 2 | C5: =SUMIF('Billing Sheet 3'!B5:B24,A5,'Billing Sheet 3'!F4:F24) -> 1150
A6: 46064 | B6: =COUNTIF('Billing Sheet 3'!A5:F25,A6) -> 2 | C6: =SUMIF('Billing Sheet 3'!B6:B25,A6,'Billing Sheet 3'!F5:F25) -> 1300
A7: 46062 | B7: =COUNTIF('Billing Sheet 3'!A6:F26,A7) -> 1 | C7: =SUMIF('Billing Sheet 3'!B7:B26,A7,'Billing Sheet 3'!F6:F26) -> 450
A8: 46068 | B8: =COUNTIF('Billing Sheet 3'!A7:F27,A8) -> 1 | C8: =SUMIF('Billing Sheet 3'!B8:B27,A8,'Billing Sheet 3'!F7:F27) -> 550
A9: 46069 | B9: =COUNTIF('Billing Sheet 3'!A8:F28,A9) -> 1 | C9: =SUMIF('Billing Sheet 3'!B9:B28,A9,'Billing Sheet 3'!F8:F28) -> 650
A10: 46073 | B10: =COUNTIF('Billing Sheet 3'!A9:F29,A10) -> 1 | C10: =SUMIF('Billing Sheet 3'!B10:B29,A10,'Billing Sheet 3'!F9:F29) -> 900
A11: 46074 | B11: =COUNTIF('Billing Sheet 3'!A10:F30,A11) -> 1 | C11: =SUMIF('Billing Sheet 3'!B11:B30,A11,'Billing Sheet 3'!F10:F30) -> 400
A12: 46076 | B12: =COUNTIF('Billing Sheet 3'!A11:F31,A12) -> 1 | C12: =SUMIF('Billing Sheet 3'!B12:B31,A12,'Billing Sheet 3'!F11:F31) -> 750
A13: 46061 | B13: =COUNTIF('Billing Sheet 3'!A12:F32,A13) -> 6 | C13: =SUMIF('Billing Sheet 3'!B13:B32,A13,'Billing Sheet 3'!F12:F32) -> 4050
... A21: 46061 | B21: =COUNTIF('Billing Sheet 3'!A20:F40,A21) -> 2 | C21: =SUMIF('Billing Sheet 3'!B21:B40,A21,'Billing Sheet 3'!F20:F40) -> 400

Sheet Doctor Wise Performance Sheet 5
A1: Doctor_ID | B1: Doctor_Name | C1: Total Patients | D1: Total Revenue
A2: D001 | B2: =VLOOKUP(A2,'Doctor Information ,Sheet 1'!A5:B24,2,FALSE) -> Dr . Shaheer | C2: =COUNTIF('Billing Sheet 3'!A2:F21,'Doctor Information ,Sheet 1'!A5) -> 1 | D2: =SUMIF('Doctor Information ,Sheet 1'!A5:A24,A2,'Daily Revenue Sheet4'!C2:C21) -> 4050
A3: D002 | B3: =VLOOKUP(A3,'Doctor Information ,Sheet 1'!A6:B25,2,FALSE) -> Dr. Ayesha Rahman | C3: =COUNTIF('Billing Sheet 3'!A3:F22,'Doctor Information ,Sheet 1'!A6) -> 1 | D3: =SUMIF('Doctor Information ,Sheet 1'!A6:A25,A3,'Daily Revenue Sheet4'!C3:C22) -> 1950
A4: D003 | B4: =VLOOKUP(A4,'Doctor Information ,Sheet 1'!A7:B26,2,FALSE) -> Dr. Mohammad Ali | C4: =COUNTIF('Billing Sheet 3'!A4:F23,'Doctor Information ,Sheet 1'!A7) -> 1 | D4: =SUMIF('Doctor Information ,Sheet 1'!A7:A26,A4,'Daily Revenue Sheet4'!C4:C23) -> 1150
A5: D004 | B5: =VLOOKUP(A5,'Doctor Information ,Sheet 1'!A8:B27,2,FALSE) -> Dr. Fatima Noor | C5: =COUNTIF('Billing Sheet 3'!A5:F24,'Doctor Information ,Sheet 1'!A8) -> 1 | D5: =SUMIF('Doctor Information ,Sheet 1'!A8:A27,A5,'Daily Revenue Sheet4'!C5:C24) -> 1150
A6: D005 | B6: =VLOOKUP(A6,'Doctor Information ,Sheet 1'!A9:B28,2,FALSE) -> Dr. Salman Sheikh | C6: =COUNTIF('Billing Sheet 3'!A6:F25,'Doctor Information ,Sheet 1'!A9) -> 1 | D6: =SUMIF('Doctor Information ,Sheet 1'!A9:A28,A6,'Daily Revenue Sheet4'!C6:C25) -> 1300
A7: D006 | B7: =VLOOKUP(A7,'Doctor Information ,Sheet 1'!A10:B29,2,FALSE) -> Dr. Zainab Hussain | C7: =COUNTIF('Billing Sheet 3'!A7:F26,'Doctor Information ,Sheet 1'!A10) -> 1 | D7: =SUMIF('Doctor Information ,Sheet 1'!A10:A29,A7,'Daily Revenue Sheet4'!C7:C26) -> 450
A8: D007 | B8: =VLOOKUP(A8,'Doctor Information ,Sheet 1'!A11:B30,2,FALSE) -> Dr. Omar Farooq | C8: =COUNTIF('Billing Sheet 3'!A8:F27,'Doctor Information ,Sheet 1'!A11) -> 1 | D8: =SUMIF('Doctor Information ,Sheet 1'!A11:A30,A8,'Daily Revenue Sheet4'!C8:C27) -> 550
A9: D008 | B9: =VLOOKUP(A9,'Doctor Information ,Sheet 1'!A12:B31,2,FALSE) -> Dr. Sana Iqbal | C9: =COUNTIF('Billing Sheet 3'!A9:F28,'Doctor Information ,Sheet 1'!A12) -> 1 | D9: =SUMIF('Doctor Information ,Sheet 1'!A12:A31,A9,'Daily Revenue Sheet4'!C9:C28) -> 650
A10: D009 | B10: =VLOOKUP(A10,'Doctor Information ,Sheet 1'!A13:B32,2,FALSE) -> Dr. Yusuf Ansari | C10: =COUNTIF('Billing Sheet 3'!A10:F29,'Doctor Information ,Sheet 1'!A13) -> 1 | D10: =SUMIF('Doctor Information ,Sheet 1'!A13:A32,A10,'Daily Revenue Sheet4'!C10:C29) -> 900
A11: D010 | B11: =VLOOKUP(A11,'Doctor Information ,Sheet 1'!A14:B33,2,FALSE) -> Dr. Mariam Siddiqi | C11: =COUNTIF('Billing Sheet 3'!A11:F30,'Doctor Information ,Sheet 1'!A14) -> 1 | D11: =SUMIF('Doctor Information ,Sheet 1'!A14:A33,A11,'Daily Revenue Sheet4'!C11:C30) -> 400
A12: D011 | B12: =VLOOKUP(A12,'Doctor Information ,Sheet 1'!A15:B34,2,FALSE) -> Dr. Ahmed Khan | C12: =COUNTIF('Billing Sheet 3'!A12:F31,'Doctor Information ,Sheet 1'!A15) -> 1 | D12: =SUMIF('Doctor Information ,Sheet 1'!A15:A34,A12,'Daily Revenue Sheet4'!C12:C31) -> 750
A13: D012 | B13: =VLOOKUP(A13,'Doctor Information ,Sheet 1'!A16:B35,2,FALSE) -> Dr. Ayesha Rahman | C13: =COUNTIF('Billing Sheet 3'!A13:F32,'Doctor Information ,Sheet 1'!A16) -> 1 | D13: =SUMIF('Doctor Information ,Sheet 1'!A16:A35,A13,'Daily Revenue Sheet4'!C13:C32) -> 4050
... A21: D020 | B21: =VLOOKUP(A21,'Doctor Information ,Sheet 1'!A24:B43,2,FALSE) -> Dr. Nida Khan | C21: =COUNTIF('Billing Sheet 3'!A21:F40,'Doctor Information ,Sheet 1'!A24) -> 1 | D21: =SUMIF('Doctor Information ,Sheet 1'!A24:A43,A21,'Daily Revenue Sheet4'!C21:C40) -> 400
